<?xml version="1.0"?>
<Container xmlns:xsi="http://www.w3.org/2001/XMLSchema-instance" xmlns:xsd="http://www.w3.org/2001/XMLSchema">
  <lions>
    <Lion>
      <strings>
        <string>a</string>
        <string>b</string>
        <string>c</string>
      </strings>
      <_location>Africa</_location>
      <_name>lion1</_name>
    </Lion>
    <Lion>
      <strings>
        <string>a</string>
        <string>b</string>
        <string>c</string>
      </strings>
      <_location>Uganda</_location>
      <_name>lion2</_name>
    </Lion>
    <Lion>
      <strings>
        <string>a</string>
        <string>b</string>
        <string>c</string>
      </strings>
      <_location>Savannah</_location>
      <_name>Simba</_name>
    </Lion>
    <Lion>
      <strings>
        <string>a</string>
        <string>b</string>
        <string>c</string>
      </strings>
      <_location>Cartoon</_location>
      <_name>King</_name>
    </Lion>
  </lions>
</Container>